Type,Issue,Topic,Author,Examples,Solution,Electoral Commission website,Electoral Act,Independent Electoral Review,Andrew Geddis' Textbook,General Google
core,People sectioned under the Mental Health Act,General,,,,,Electoral Act S 80(c) - a person detained in hospital under the Mental Health Act 1992 or in secure facility under the Intellectual Disability Act 2003,"Pg 193 - In some cases, a person who has committed a crime may not be in prison on mental health grounds or due to an intellectual disability. This situation may occur if a person has been found unfit to stand trial, acquitted on the legal grounds of insanity, committed to a hospital or secure facility upon conviction, or is in prison and requires compulsory care or treatment. In these situations, a person loses the right to vote if they are detained in a hospital or secure facility for more than three years. This disqualification essentially provides for
consistent treatment with other offenders. ","4.2.4 Exceptions to the right to vote
Pg 63/64 - We regard some people simply to be unsuitable participants in the electoral process due to their previous actions. Various classes of person who are detained in hospital for treatment of a mental illness for a period of three or more years following criminal offending cannot enrol while so detained, but may enrol immediately upon their release. ",
core,People sectioned under the Mental Health Act,ENROLMENT,,,,,,,,
core,People sectioned under the Mental Health Act,TURNOUT,,,,,,,,
core,People in the hospital,General,,"I have to get surgery on the Friday before polling day, how do I vote?",,,"Electoral Act Special Voting s 61(d) the person is, by reason of illness, infirmity, pregnancy, or recent childbirth, unable to attend to vote and any polling place in the district. 
S 61(f) ... not practicable for that person to vote at the polling place in the district without incurring hardship or serious inconvenience.",,,
core,People in the hospital,ENROLMENT,,,,,,,,
core,People in the hospital,TURNOUT,,,Advance vote; take away vote,"If you can’t get to a voting place because you are in hospital, you can authorise a friend or family member to bring you your voting papers. If you’re scheduled to go into hospital prior to election day, it’s best to vote in advance if you can - advance voting begins from the 26th October - https://vote.nz/voting/get-help-to-vote/cant-get-to-a-voting-place",,,,
core,People serving a prison sentence,General,,,,,Electoral Act s 80(1)(d)(i)(C) - disqualified from voting if detained in prision and serving a sentence for a term of 3 years or more.,,"4.2.4 Exceptions to the right to vote
Pg 63 - any person detained in a prison facility under a sentence of imprisonment of three or more years (including life sentences or preventative detention) cannot enrol while so detained. However, they regain the right to enrol immediately upon their release, even if this should occur before the end of the full sentence of imprisonment.",
core,People serving a prison sentence,ENROLMENT,,"I am currently serving a prison sentence of 2 years, can I still enrol to vote? And if so, how?",This depends on when you were sentenced,You can only enrol and vote if you are serving a prison sentence of less than 3 years and all the offences you were sentenced for occurred before 20 December 2025 - https://vote.nz/enrolling/get-ready-to-enrol/are-you-eligible-to-enrol-and-vote,,,,"Prison staff offer assisstance to those who are eligible to enrol to vote and enrolment applications are individually scanned and emailed to the Electoral Commission. - https://www.corrections.govt.nz/our_work/in_prison/being_in_prison/voting_in_prison 
The electorate you are enrolled in is based on the address you last resided at for at least 1 month, you can then fix your postal address as the prison you are in to receive mail. https://www.corrections.govt.nz/our_work/in_prison/being_in_prison/voting_in_prison "
core,People serving a prison sentence,TURNOUT,,"I am currently serving a prison sentence of 2 years, how will I be able to vote from prison?",,,,,,"Corrections will facilitate voting for eligible prisoners through advance voting for the 2026 General Election. Prisoners votes are counted as special vote.
https://www.corrections.govt.nz/our_work/in_prison/being_in_prison/voting_in_prison 
During the advance voting period (26 October to 6 November 2026), mobile voting teams will attend prisons and set up voting facilities for prisoners who are eligible to vote. https://www.cab.org.nz/article/KB00001070
The general manager custodial must ensure that all prisoners who are eligible and have enrolled to vote are given the opportunity to vote. https://www.corrections.govt.nz/resources/policy_and_legislation/Prison-Operations-Manual/Prisoner-finance-activities/F.03-Prisoner-enrolment-and-voting"
core,People on remand,General,,,,,,,,
core,People on remand,ENROLMENT,,"I'm on remand waiting for my trial, can I still enrol to vote?",,"If you’re on remand, home detention, or serving a community-based sentence, and you meet the eligibility criteria (you are 18 years or older, a New Zealand citizen or resident for electoral purposes, and you’ve lived in New Zealand continuously for 12 months or more at some time in your life) you can enrol to vote. - https://vote.nz/enrolling/get-ready-to-enrol/are-you-eligible-to-enrol-and-vote","Electoral Act s 80(1)(d) - disqualified from voting - a person who is detained in prison under a sentence of imprisonment.
Special Voting s 61(1)(f) - not practicable for that person to vote at a polling station without incurring hardship or serious inconvience (voting while on home detention)
",,"4.2.4 Exceptions to the right to vote
Pg 63 - any person detained in a prison facility under a sentence of imprisonment of three or more years (including life sentences or preventative detention) cannot enrol while so detained. However, they regain the right to enrol immediately upon their release, even if this should occur before the end of the full sentence of imprisonment.",
core,People on remand,TURNOUT,,How do I vote if I am on remand?,,,,,,"Corrections will facilitate voting for eligible prisoners through advance voting for the 2026 General Election. Prisoners votes are counted as special vote.
https://www.corrections.govt.nz/our_work/in_prison/being_in_prison/voting_in_prison 
During the advance voting period (26 October to 6 November 2026), mobile voting teams will attend prisons and set up voting facilities for prisoners who are eligible to vote. https://www.cab.org.nz/article/KB00001070
The general manager custodial must ensure that all prisoners who are eligible and have enrolled to vote are given the opportunity to vote. https://www.corrections.govt.nz/resources/policy_and_legislation/Prison-Operations-Manual/Prisoner-finance-activities/F.03-Prisoner-enrolment-and-voting"
core,People on home detention or serving community-based sentence,General,,,,,,,,
core,People on home detention or serving community-based sentence,ENROLMENT,,"I am serving a 6 month home detention sentence, can I still enrol to vote?",,"If you’re on remand, home detention, or serving a community-based sentence, and you meet the eligibility criteria (you are 18 years or older, a New Zealand citizen or resident for electoral purposes, and you’ve lived in New Zealand continuously for 12 months or more at some time in your life) you can enrol to vote. - https://vote.nz/enrolling/get-ready-to-enrol/are-you-eligible-to-enrol-and-vote","Electoral Act s 80(1)(d) - disqualified from voting - a person who is detained in prison under a sentence of imprisonment.
",,"4.2.4 Exceptions to the right to vote
Pg 63 - any person detained in a prison facility under a sentence of imprisonment of three or more years (including life sentences or preventative detention) cannot enrol while so detained. However, they regain the right to enrol immediately upon their release, even if this should occur before the end of the full sentence of imprisonment.",
core,People on home detention or serving community-based sentence,TURNOUT,,"I am serving a 6 month home detention sentence, how will I be able to cast my vote if I can't leave home?",,"You can vote if you’re on home detention or serving a community-based sentence. Election officials will give your local Probation Services information about the voting options available to you. https://vote.nz/voting/get-help-to-vote/cant-get-to-a-voting-place
Returning Officers liaise with local Probation Services to provide voting services for people on home detention and other community-based sentences. https://elections.nz/guidance-and-rules/candidate-hub/resources/enrolment-and-resources-2",S 61(1)(f) - not practicable for that person to vote at a polling station without incurring hardship or serious inconvience (special voting while on home detention),,,Returning Officers will also liaise with local Probation Services to provide voting services for people on home detention and other community-based sentences. - https://www.cab.org.nz/article/KB00001070
core,Single parents,General,,I am a parent with young children and I have no one to watch them while I vote. Am I allowed to bring my children inside the voting booths?,,,,"9.48 In Appendix 1: Minor and Technical Recommendations, we also recommend clarifying that children under the voting age are allowed to go into voting booths with their parent or caregiver. PG 227
The Electoral Act says that a person must go into a voting booth alone. This rule is meant to protect the secrecy of the vote. In practice, however, voters can take their children with them into the voting booth if they cannot be left unattended. PG 494",,
core,Single parents,ENROLMENT,,,,,,,,
core,Single parents,TURNOUT,,,,,,,,
core,Non-English speakers,General,,,,,"Electoral Act s 170 - any elector who is unable to read or write or has severe difficulty in reading or writing, or is not familiar with the English language...
S 167(2A) Issue of ordinary ballot papers ","PG 270 - The Electoral Commission makes information about elections available in multiple
languages. It also seeks to employ electoral officials who speak the languages commonly used in the communities they work in. Interpreters can be made available at polling places, though resource constraints are a practical limitation. ",,
core,Non-English speakers,ENROLMENT,,How do I enrol to vote if I can't speak/read in English?,,"You can ask someone around you to help you complete the enrolment form, and you must sign the form yourself unless unable to because of a physical or mental impairment. Enrolment information is also available in several different languages to guide you - https://vote.nz/enrolling/enrolment-in-your-language/enrolment-information-in-multiple-languages",,,,
core,Non-English speakers,TURNOUT,,Can I take someone in to help me vote if I don't speak English?,,"If you need help to read or mark the voting papers, you can ask a friend, family member or an electoral official to be your support person. A support person can go behind the voting screen with you, read out or help translate the information on the paper, and mark the voting paper if you allow them to. The support person cannot tell you who to vote for. - https://vote.nz/voting/get-help-to-vote/need-help-to-vote ",,,,
core,People who live very far away/remotely,General,,"I'll be in a remote area during the election with no voting places near me, how can I cast a vote?",,,Special Voting s 61(1)(f) - not practicable for that person to vote at a polling station without incurring hardship or serious inconvience ,"PG 272 - Currently, there are legislative provisions for voting by people living in remote locations who have no access to polling places. People voting from Tokelau, Campbell Island, Raoul Island, Ross Dependency, vessels, offshore installations, remote islands administered by the Department of Conservation, and remote locations overseas can vote by upload/download, post or dictation.
11.72 Remote voters within Aotearoa New Zealand can apply to cast a special vote on the basis that it would not be practicable to vote at a polling place without incurring hardship or serious inconvenience.",,
core,People who live very far away/remotely,ENROLMENT,,,,,,,,
core,People who live very far away/remotely,TURNOUT,,,,"If you’ll be in a remote location during an election – for example a remote New Zealand island administered by the Department of Conservation, an offshore installation, or working on a vessel during the voting period – you may be able to vote using our remote voting services.
- https://vote.nz/voting/get-help-to-vote/cant-get-to-a-voting-place",,,,
core,People on boats (living on boats),General,,"For the past few years, I have been living full-time on a boat.",,,"Electoral Act s 72(11) - a person whose home is on any ship, boat, or vessel permanently located in any harbour shall be deemed to resude in the electoral district in which the wharf or landing place or the main whard or landing place in the harbour is situated.",,,
core,People on boats (living on boats),ENROLMENT,,,,,,,,
core,People on boats (living on boats),TURNOUT,,,,,,,,
core,People working on the sea,General,,"I work on a cruise ship and will be working away from port during election time, how can I enrol and vote?",,,,,,
core,People working on the sea,ENROLMENT,,,,,,,,
core,People working on the sea,TURNOUT,,,,"If you’re working on a ship in port and you’re enrolled or eligible to enrol in the electorate the ship is in, your ship master must let you go ashore to vote. If you’re working on a ship that won’t be in port or will not return to port during the voting period, contact us closer to election time for help with enrolling and voting.
https://vote.nz/voting/get-help-to-vote/cant-get-to-a-voting-place ","Electoral Act s 72(11) - a person whose home is on any ship, boat, or vessel permanently located in any harbour shall be deemed to resude in the electoral district in which the wharf or landing place or the main whard or landing place in the harbour is situated.
Special voting s 61(b)&(c) - the person is intended to be absent from the district or outside NZ on polling day. 
",,,
core,"Military, NZ diplomats - overseas",General,,"I am a member of the New Zealand Defence Force and stationed overseas, can I still enrol to vote?",,,"Electoral Act s 80(3) - Nothing in subsection (1)(a) or (b) applies to public servant or member of the defence force, a head of mission or head of post within the meaning of the Foreign Affairs Act 1988, an officer or employee of New Zealand Trade or Enterprise. ",,,
core,"Military, NZ diplomats - overseas",ENROLMENT,,,,You can enrol and vote no matter how long you've been outside of New Zealand if you are one of the following: public servant working overseas and their families; New Zealand diplomats or trade representatives and their families; members of the New Zealand Defence Force and their families. - https://vote.nz/enrolling/get-ready-to-enrol/are-you-eligible-to-enrol-and-vote,,,,
core,"Military, NZ diplomats - overseas",TURNOUT,,,,"Special vote, upload....",,,,
core,Military at a training camp,General,,,,,"Electoral Act s 80(3)(a)(i) - disqualifcation not including members of the Defence force.
Special voting s 61(b)&(c) - the person is intended to be absent from the district or outside NZ on polling day. ",,,
core,Military at a training camp,ENROLMENT,,,,,,,,
core,Military at a training camp,TURNOUT,,,,,,,,
core,"Living somewhere temporarily for work for like a few months e.g. seasonal workers, sharemilkers, off somewhere training",General,,,,,"Electoral Act Special voting s 61(b)&(c) - the person is intended to be absent from the district or outside NZ on polling day
S 162 Employees to have time off to vote",,,
core,"Living somewhere temporarily for work for like a few months e.g. seasonal workers, sharemilkers, off somewhere training",ENROLMENT,,,,,,,,
core,"Living somewhere temporarily for work for like a few months e.g. seasonal workers, sharemilkers, off somewhere training",TURNOUT,,,,,,,,
core,Gender diverse people,General,,"My preffered name differs from my legal name, and has not been legally changed from my birth name. I am concerned about being questioned or outed in public when I go to vote",,,Electoral Act s 83(2)(a) - application for registration as an elector must include the applicants full name,PG 271 - Electoral Commission advised that the use of A preferred name for enrolment is already allowed as the Electoral Act does not specifically require a person’s legal name on an enrolment application – it only requires a full name.,,
core,Gender diverse people,ENROLMENT,,,,,,,,
core,Gender diverse people,TURNOUT,,,,,,,,
core,People who live in a rest home,General,,"I live in a residential care facility and can't enrol or vote on my own, I have no family to help me with this, how can I ensure my vote is casted.",,,"Electoral Act Special Voting - s 61(d) the person is, by reason of illness, infirmity, pregnancy, or recent childbirth, unable to attend to vote and any polling place in the district. 
S 61(f) ... not practicable for that person to vote at the polling place in the district without incurring hardship or serious inconvenience.","PG 271/272 - The Electoral Commission provides enrolment and voting services to people receiving care in residential facilities, such as aged-care facilities, hospitals and mental health in-patient units. 
There are potential risks (although not common) to the ability of people in residential facilities to exercise their political rights. Emphasises the importance of the Electoral Commission continuing to work with staff in these facilities to ensure that all eligible residents are given the opportunity to exercise their right to vote. ",,
core,People who live in a rest home,ENROLMENT,,,,,,,,
core,People who live in a rest home,TURNOUT,,,,"If you are in a care home and you won’t be able to go to a voting place, you don’t need to contact us. Your local Electorate Manager will contact the manager of your care home to arrange voting services.
- https://vote.nz/voting/get-help-to-vote/cant-get-to-a-voting-place",,,,
core,Essential workers / Working on election day,General,,"I'm an essential worker who is working on election day, can I leave work to vote?",,,Electoral Act s 162 Employees to have time off to vote,,,
core,Essential workers / Working on election day,ENROLMENT,,,,,,,,
core,Essential workers / Working on election day,TURNOUT,,,,"You’re legally allowed to have time away from work to go and vote on election day. You can also vote early at an advance voting place. If you haven’t had a reasonable chance to vote before starting work on election day and you’re not doing any essential work or service, your employer must let you leave work to vote by 3pm. You’re legally allowed to be away from work for the rest of the day if you need that time to vote.
Your employer can’t take money from your pay for time you take off to vote.
If you have to work after 3pm to carry out any essential work or service, your employer must let you leave work for a reasonable time earlier in the day, so you can vote. Your employer can’t take money from your pay for time you take off to vote, as long as you don’t take more than 2 hours.
https://vote.nz/voting/get-help-to-vote/cant-get-to-a-voting-place",,,,
core,Shift workers,General,,"I work night shifts and sleep during the day, how can I cast my vote ",,,"Electoral Act s 162 Employees to have time off to vote
Special Voting s 61(f) ... not practicable for that person to vote at the polling place in the district without incurring hardship or serious inconvenience.",,,
core,Shift workers,ENROLMENT,,,,,,,,
core,Shift workers,TURNOUT,,,,Advance voting; Takeaway vote...?,,,,
core,Living/currently overseas,General,,,,,"Electoral Act s 80(1)(a) - Citizen living outside of NZ and has not been in NZ within the last 3 years are disqualified.
S 80(1)(b) - a resident who is outside of NZ and has not been in NZ within the last 12 months are disqualified for registration. 
S 61(c) Special Voters - the person intends to be outside New Zealand on polling day.",,"4.2.4 Exceptions to the right to vote
Pg 63 - New Zealand citizens who reside outside the country and have not visited Aotearoa New Zealand within a three-year period, or permanent residents who reside outside the country and have not visited it within 12 months. However, citizens immediately regain the right to register on the electoral roll upon their re-entry into Aotearoa New Zealand for any period of time, while permanent residents do so once they re-establish their “residency” in Aotearoa New Zealand.",
core,Living/currently overseas,ENROLMENT,,"I am living or staying in Australia at the time of the election, can I still enrol and how can I do it?",,"You can enrol if you've lived in NZ for more than 12 months continously at some point in your life AND are a NZ citizen and have been in NZ within the last 3 years OR a resident for electoral purposes and have been in NZ within the last 12 months. Your electorate will be where you last lived in NZ for longer than 1 month - https://vote.nz/enrolling/get-ready-to-enrol/are-you-eligible-to-enrol-and-vote
Enrol online, physical etc....",Section 72(12) - A New Zealand citizen who is outside New Zealand shall be deemed to reside where he or she had his or her last home in New Zealand,,,
core,Living/currently overseas,TURNOUT,,How do I vote if I'm overseas at the time of the election?,,"The best way to vote from overseas is to download your voting papers from our website, complete them, then upload them (you cannot send back voting papers through email). A link to download your voting papers will be available on this website from the date overseas voting opens. You can complete the papers both digitally or physically, if you choose to complete them by hand you can scan and upload them online or post or hand deliver them to your nearest overseas voting place. https://vote.nz/voting/how-to-vote/vote-from-overseas",,,,
core,BROKEN DOWN BY INTERNET ACCESS OR NOT? People in general with no internet access,General,,,,,,,,
core,BROKEN DOWN BY INTERNET ACCESS OR NOT? People in general with no internet access,ENROLMENT,,,,,,,,
core,BROKEN DOWN BY INTERNET ACCESS OR NOT? People in general with no internet access,TURNOUT,,,,,,,,
core,"Living in the realm countries - Niue, Cook Islands, Tokelau",General,,"I am from Niue, Cook Islands or Tokelau and I don't know if I can enrol and vote in New Zealand",,"You can enrol and vote once you have lived in New Zealand continously for 12 months or more - https://vote.nz/enrolling/get-ready-to-enrol/are-you-eligible-to-enrol-and-vote , https://vote.nz/enrolling/get-ready-to-enrol/enrol-from-overseas",S 80(1)(b) - a resident who is outside of NZ and has not been in NZ within the last 12 months are disqualified for registration. ,,"4.2.4 Exceptions to the right to vote
Pg 63 - New Zealand citizens or permanent residents who have never lived in Aotearoa New Zealand for at least one continuous year.",
core,"Living in the realm countries - Niue, Cook Islands, Tokelau",ENROLMENT,,,,,,,,
core,"Living in the realm countries - Niue, Cook Islands, Tokelau",TURNOUT,,,,,,,,
core,Migrants,General,,,,,,,,
core,Migrants,ENROLMENT,,,,"You can enrol if you're living in New Zealand lawfully and are not required to leave within a specified time (this does not have to be a permanent resident visa); AND you must have lived in New Zealand continously for 12 months or more (this counts time before a visa was granted); AND you must not be subject to sections 15 or 16 of the Immigration Act, for example have a conviction for certain offenses - https://vote.nz/enrolling/get-ready-to-enrol/are-you-eligible-to-enrol-and-vote
","Electoral Act s 73 Meaning of resident for electoral purposes

S 74(1)(b) Qualification of electors - that person has at some time resided continuously in NZ for a period of not less that 1 year.",,,
core,Migrants,TURNOUT,,,,,,,,
core,Resident or visa holder,General,,"I am a resident or have a visa to reside in New Zealand, I've never voted in NZ before, am I eligible to enrol and vote?",,,,,"4.2.4 Exceptions to the right to vote
Pg 63 - New Zealand citizens who reside outside the country and have not visited Aotearoa New Zealand within a three-year period, or permanent residents who reside outside the country and have not visited it within 12 months. However, citizens immediately regain the right to register on the electoral roll upon their re-entry into Aotearoa New Zealand for any period of time, while permanent residents do so once they re-establish their “residency” in Aotearoa New Zealand.",
core,Resident or visa holder,ENROLMENT,,,,"You can enrol if you're living in New Zealand lawfully and are not required to leave within a specified time (this does not have to be a permanent resident visa); AND you must have lived in New Zealand continously for 12 months or more (this counts time before a visa was granted); AND you must not be subject to sections 15 or 16 of the Immigration Act, for example have a conviction for certain offenses - https://vote.nz/enrolling/get-ready-to-enrol/are-you-eligible-to-enrol-and-vote","Electoral Act s 73 Meaning of resident for electoral purposes

S 74(1)(b) Qualification of electors - that person has at some time resided continuously in NZ for a period of not less that 1 year.",,,
core,Resident or visa holder,TURNOUT,,,,,,,,
core,People who have housing problems/are homeless/no address,General,,,,,"Electoral Act s 72(3) - a person resides at the place where that person chooses to make his or her home by reason of family or personal relations, or for other domestic or personal reasons. ",,,
core,People who have housing problems/are homeless/no address,ENROLMENT,,"I am experiencing homelessness/am unhoused and do no have an address to enrol, how can I still complete my enrolment form?",,"You can enrol at a place where you spend a lot of time; you can enrol at your last residential address where you lived for at least 1 month, even if it was some time ago; you can enrol at the address of a friend, family member, church or support group (just ensure you can safely collect your mail from this address) - https://vote.nz/enrolling/get-ready-to-enrol/are-you-eligible-to-enrol-and-vote",,,,
core,People who have housing problems/are homeless/no address,TURNOUT,,I am experiencing homelessness/am unhoused and do not know how or where I can go to cast a vote,,,,,,
core,People with physical disabilities,General,,"I am wheelchair bound with ALS. I have lost a lot of motor functions, including the use of my hands… can I vote? How do I seek assistance to vote? ",,,"Electoral Act s 170 Blind, disabled, or illiterate voters
S 167(2A) - elector is unable to comply with requirement because of physical disability... may gesture or by assistence of a person nominated...
S 85 Registration of persons who have a physical or mental impairment - may apply for a representative under s 83.",,,
core,People with physical disabilities,ENROLMENT,,,,"A person who is enrolled to vote, can complete and sign an enrolment form for someone who can’t do it themselves because of a physical impairment.
Or those with power of attorney can also complete and sign the form.
The form can be uploaded, emailed or posted. 
https://vote.nz/enrolling/get-help-to-enrol/need-help-to-enrol?lang=en-NZ",,,,
core,People with physical disabilities,TURNOUT,,Can't make it to a voting place...,,"Take away vote - for those who can make it, can bring a support person...",,,,
core,"People who are blind or vision-impaired 
",General,,,,,"Electoral Act s 170 - any elector who is wholly or partially blind... 
S 85 Registration of persons who have a physical or mental impairment - may apply for a representative under s 83.",,,
core,"People who are blind or vision-impaired 
",ENROLMENT,,,,,,,,
core,"People who are blind or vision-impaired 
",TURNOUT,,Need help reading and marking the paper to vote,,"You may bring a support person to assist you that can help you vote, read out the voting paper and mark the paper if necessary. Furthermore, a telephone dictation voting service is available for blind and vision-impaired voters and voters who have a physical disability that prevents them from marking the voting paper independently and in secret. You need to register to use this service, even if you’ve used it at previous elections.https://elections.nz/guidance-and-rules/candidate-hub/resources/enrolment-and-resources-2 
https://vote.nz/voting/get-help-to-vote/need-help-to-vote",,,,
core,Break this down more - e.g. needs help to mark the paper,General,,,,,"Electoral Act s 170(1) - any elector who is wholly or partially blind, or (whether because of physical handicap or otherwise) is unable to read or write or has severe difficulty in reading or writing, or is not sufficiently familiar with the English language to vote without assistance, may vote in accordance with the provisions of this section.",,,
core,Break this down more - e.g. needs help to mark the paper,ENROLMENT,,,,,,,,
core,Break this down more - e.g. needs help to mark the paper,TURNOUT,,,,,,,,
core,People with mental impairments,General,,,,,Electoral Act s 85 Registration of persons who have physical or mental impairment - may apply for a representative under s 83.,,,
core,People with mental impairments,ENROLMENT,,,,,,,,
core,People with mental impairments,TURNOUT,,,,,,,,
core,Can't leave care/the house,General,,,,,"Electoral Act Special Voting s 61(d) the person is, by reason of illness, infirmity, pregnancy, or recent childbirth, unable to attend to vote and any polling place in the district. 
S 61(f) ... not practicable for that person to vote at the polling place in the district without incurring hardship or serious inconvenience.""",,,
core,Can't leave care/the house,ENROLMENT,,,,,,,,
core,Can't leave care/the house,TURNOUT,,,,Authorise someone to collect your voting papers from a voting place for you - https://vote.nz/voting/get-help-to-vote/cant-get-to-a-voting-place,,,,
core,I haven’t voted in a long time or updated my details in ages,General,,,,,,,,
core,I haven’t voted in a long time or updated my details in ages,ENROLMENT,,,,Update details if already enrolled... Form of ID needed? Check to see if details correct - digitally and via email/phone?,,,,
core,I haven’t voted in a long time or updated my details in ages,TURNOUT,,,,,,,,
core,"People with changes to their legal name e.g. through marriage, divorce, adoption, reclaiming ingoa Māori, other situations",General,,,,,"Electoral Act a 83(2)(a) - application of registration elector must state their full name on the application
Section 94?",PG 271 - Electoral Commission advised that the use of A preferred name for enrolment is already allowed as the Electoral Act does not specifically require a person’s legal name on an enrolment application – it only requires a full name.,,
core,"People with changes to their legal name e.g. through marriage, divorce, adoption, reclaiming ingoa Māori, other situations",ENROLMENT,,,,Update details if already enrolled... Form of ID needed?,,,,
core,"People with changes to their legal name e.g. through marriage, divorce, adoption, reclaiming ingoa Māori, other situations",TURNOUT,,,,,,,,
core,People with no ID,General,,,,,,,,
core,People with no ID,ENROLMENT,,"I don't have a license, passport, or kiwi access card, can I still enrol and vote without any of these?",,"To enrol online you need a New Zealand drivers license, or a New Zealand passport, or a RealMe verified identity login - if you do not have any of these you can still enrol to vote by either completing an enrolment form online and having it emailed to you to sign and then returning it through uploading, emailing or posting the form; or you can print a form yourself or have one sent to you, then complete it and upload it, email it or post it - https://vote.nz/enrolling/enrol-or-update/other-ways-to-enrol ",,,,
core,People with no ID,TURNOUT,,"What if I forget to take my ID when I go to vote, will I still be allowed vote?",,"You do not need to take any type of ID to vote, just turn up. You can bring your EasyVote card to make it faster, but if you don't have one that's ok as well, your details will be confirmed at the voting place - https://vote.nz/voting/how-to-vote/facts-about-new-zealand-elections",,,,
core,Australians residing in New Zealand,General,,"I am an Australian living in New Zealand, can I vote?",,,Electoral Act s 73 - you are a resident for electoral purposes if you are living in NZ and not lawfully required to leave within a specified time. ,,,
core,Australians residing in New Zealand,ENROLMENT,,,,You can enrol and vote once you have lived in New Zealand continously for 12 months or more - https://vote.nz/enrolling/get-ready-to-enrol/are-you-eligible-to-enrol-and-vote,,,,
core,Australians residing in New Zealand,TURNOUT,,,,,,,,
core,I am 17 but will be 18 by/on election day ,General,,,,,Electoral Act s 82(2) - you are able to be qualified as an elector before turning 18.,,,
core,I am 17 but will be 18 by/on election day ,ENROLMENT,,I am 17 years old now but between the final enrolment date and the election date I will turn 18 years old,,"You can complete an enrolment form while you are 17, and on your 18th birthday you will be automatically enrolled and ready to vote - https://vote.nz/enrolling/get-ready-to-enrol/are-you-eligible-to-enrol-and-vote",,,,
core,I am 17 but will be 18 by/on election day ,TURNOUT,,"I am 17 years old now but will be 18 on election day, can I still vote and how?",,"Even if you only turn 18 on election day, you can still vote as normal - as long as you enrolled beforehand. If you have enrolled before 4 October you will cast a normal vote on election day. If you enrolled after 4 October but before 25 October, you will cast a Special vote at the voting place. - 
https://vote.nz/enrolling/get-ready-to-enrol/are-you-eligible-to-enrol-and-vote 
https://elections.nz/guidance-and-rules/candidate-hub/resources/enrolment-and-resources-2",,,,
summary,People on the Unpublished roll,General,R,,,,,,,
summary,People on the Unpublished roll,ENROLMENT,R,I am worried about my new confidential address being publicly accessible to my abusive ex partner...,,"Going on the unpublished roll means your details won’t be included on printed electoral rolls. It also means you won’t be able to check or update your enrolment details online. You'll need to make a special vote at parliamentary and local elections. To apply to go on the unpublished roll, choose one of the following options: download the form: https://vote.nz/assets/pagecomponent-file-files/2024_ELE0128-Concerned-for-your-safety-DL-English.pdf  

Complete the form and email it to us. Or call 0800 36 76 56 and we’ll post the form to you in the mail. If you're not already enrolled, you also need to complete an enrolment form. https://vote.nz/enrolling/get-ready-to-enrol/can-you-go-on-the-unpublished-roll ","Electoral Act s 115 Unpublished Names 
(1) where the Electoral Commission is satisfied, on the application of any person, that the publication of that person’s name would be prejudicial to the personal safety of that person or his or her family, the Electoral Commission may direct that—
(a) the name and residence of that person shall not be published in any main or supplementary roll or in any list or index that may be available for inspection by the public; and
(b) the name and particulars of that person shall not be available for inspection under section 110(3)(c); and
(c) the application for registration of that person shall not be available for inspection under section 110(3)(d).","Pg. 420 - Persons whose personal safety or that of a member of their family would be at risk if their name was included in the roll can apply to go on the unpublished roll. The details of persons on the unpublished roll do not appear in the printed roll and their details are not released by the Electoral Commission to anyone, including parties, candidates, or researchers.

Many submitters considered that there should be greater availability and awareness of the unpublished roll. And it should be easier to be placed on the roll. 

",,
summary,People on the Unpublished roll,TURNOUT,R,,,"You can vote at any voting place in a general election, referendum or by-election. You’ll need to make a special vote because your details won’t be on the printed electoral roll used to issue voting papers at the voting place.

To make a special vote at a parliamentary election, you’ll need to fill in an extra form – a special vote declaration - to confirm your electorate. You don't need to complete the address or previous name information on the form if you don't want to, but providing this information helps us to confirm you’re eligible to vote. When you get to a voting place, someone will be there to show you what to do.
https://vote.nz/enrolling/get-ready-to-enrol/can-you-go-on-the-unpublished-roll ","Electoral Act s 115 Unpublished Names 
(1) where the Electoral Commission is satisfied, on the application of any person, that the publication of that person’s name would be prejudicial to the personal safety of that person or his or her family, the Electoral Commission may direct that—
(a) the name and residence of that person shall not be published in any main or supplementary roll or in any list or index that may be available for inspection by the public; and
(b) the name and particulars of that person shall not be available for inspection under section 110(3)(c); and
(c) the application for registration of that person shall not be available for inspection under section 110(3)(d).",,,
summary,Those on the Dormant roll,General,R,,,,,,,
summary,Those on the Dormant roll,ENROLMENT,R,I have been placed on the dormant roll,,"Someone on the dormant roll is still eligible to vote, but if their current address is in a different electorate to their enrolled address, they may only be able to make a party vote. 
To get off the dormant roll, you simply need to update your enrolment address. However you need to do this before voting starts on 26 October 2026. You won’t be able to do it at the voting place. To check or update your enrolment details, go to vote.nz or call 0800 36 76 56. 
https://vote.nz/2026-general-election/about/overview > https://elections.nz/assets/2026-General-Election/2026-Factsheet-Make-Sure-Youre-Enrolled-for-the-2026-General-Election-v2.pdf","Electoral Act s 89CB Electoral commission may remove persons name from the dormant roll and register person as elector.
 
S 109 Dormant roll
(1) The Electoral Commission must maintain a dormant roll that shows for each district the particulars of those persons whose names have been removed from the roll for the relevant district—
","Pg. 404 - A dormant roll is also maintained, containing the enrolment details of people who the Electoral Commission is unable to contact at their listed enrolment address. The Electoral Commission removes people from the dormant roll when a person either enrols at a new address, dies, or after they have been on the dormant roll for three years. ",,
summary,Those on the Dormant roll,TURNOUT,R,,,"Someone on the dormant roll is still eligible to vote, but if their current address is in a different electorate to their enrolled address, they may only be able to make a party vote. 
To get off the dormant roll, you simply need to update your enrolment address. However you need to do this before voting starts on 26 October 2026. You won’t be able to do it at the voting place. To check or update your enrolment details, go to vote.nz or call 0800 36 76 56. 
https://vote.nz/2026-general-election/about/overview > https://elections.nz/assets/2026-General-Election/2026-Factsheet-Make-Sure-Youre-Enrolled-for-the-2026-General-Election-v2.pdf",,,,
general,WHAT IS YOUR ADDRESS?,,M,,,"Your enrolment address is the place you currently or last resided in for atleast 1 month or more. (Actually hard to find this explicitly stated on the website?? - On Enrolemnt forms pretty sure).
Can have an ernolment address AND a postal address (important for confirming your details otherwise you may be placed on the dormant roll after moving houses). https://vote.nz/enrolling/enrol-or-update/troubleshooting-your-enrolment","Section 72 (1) Subject to the provisions of this section, the place where a person resides within New Zealand at any material time or during any material period shall be determined for the purposes of this Act by reference to the facts of the case. (2)... a person can reside in one place only. (3) A person resides at the place where that person chooses to make his or her home by reason of family or personal relations, or for other domestic or personal reasons.
Section 74 (c) that electoral district— (i) is the last in which that person has continuously resided for a period equalling or exceeding 1 month; or (ii) where that person has never resided continuously in any one electoral district for a period equalling or exceeding 1 month, is the electoral district in which that person resides or has last resided.
(2) If a writ has been issued for an election, every person is treated, for the purposes of subsection (1)(c), as having completed a period of 1 month’s continuous residence in an electoral district if the person— (a) resides in the electoral district at the close of registration; and (b) would, if they continued to reside in the electoral district until the close of polling day, have continuously resided in the electoral district for a period equalling or exceeding 1 month.",,,
general,What happens when someone is on the dormant roll?,,M,,,"The dormant roll is the roll voters get placed onto when we have not been able to contact them at their registered address. Voters remain on the electoral roll while we try to contact them through email, text or an alternate address if we have this information. After four weeks, if we haven’t heard from the voter (they have not updated their details) they will be moved to the dormant roll. Being on the dormant roll doesn’t change your roll type (general or Māori) or your electorate. Anyone who has updated their details since being made dormant is added back onto the main roll. Someone on the dormant roll is still eligible to vote, but if their current address is in a different electorate to their enrolled address, they may only be able to make a party vote. 
To get off the dormant roll, you simply need to update your enrolment address. However you need to do this before voting starts on 26 October 2026. You won’t be able to do it at the voting place. To check or update your enrolment details, go to vote.nz or call 0800 36 76 56. 
https://vote.nz/2026-general-election/about/overview > https://elections.nz/assets/2026-General-Election/2026-Factsheet-Make-Sure-Youre-Enrolled-for-the-2026-General-Election-v2.pdf","Section 109 (1) The Electoral Commission must maintain a dormant roll that shows for each district the particulars of those persons whose names have been removed from the roll for the relevant district— (a) under section 89G; or (b) as a result of the removal of the name of that person from the roll under section 95A(4) or 96(4).
(2) The Electoral Commission must remove the name of a person from the dormant roll on the first occurrence of any of the following events:
(a) in the case of a person whose name has been removed from the electoral roll under section 89G, when the person registers as an elector of any district; or
(b) in the case of a person whose name has been removed from the electoral roll under section 95A(4) or section 96(4), when the person registers as an elector of any district; or (ba) in the case of a person whose name has been removed from the electoral roll under section 89G, 95A(4), or 96(4), when the person is registered as an elector of any district on the initiative of the Electoral Commission under section 89CB; or (c) in the case of a person who dies, when the Electoral Commission is satisfied of the identity of the person and the death has been notified to the Electoral Commission...
(d) the expiration of the period of 3 years beginning with the date on which the person’s name was placed on the dormant roll.
Section 89G - ...Elector cannot be contacted (whether by post, courier, or otherwise) is to be included on dormant roll
If this section applies, the Electoral Commission must— (a) make any inquiry as to the whereabouts of the elector that the Electoral Commission thinks fit; and (b) if the Electoral Commission is unable to contact the elector, remove the name of the elector from the roll and include the name on the dormant roll maintained under section 109.",,,
general,Māori roll ,,M,,,"The Māori Electoral Option is a choice for Māori about which electoral roll to be on: the Māori roll or the general roll.
The Electoral Amendment Act, passed in 1975, defined Māori as a person of New Zealand Māori descent. It means anyone who is Māori has the option of enrolling to vote on either roll. 
Before 1975 your electoral roll was determined by the percentage of Māori blood you were deemed to have.
The Electoral Act 1993 linked the number of Māori electorates to population and Māori roll data, resulting in an increase in the number of Māori electorates.
In 2022 legislation was passed creating a continuous option. Instead of a 4-month Option period, Māori who are enrolled to vote can now change rolls at any time except in the three months before an election.
https://vote.nz/maori-enrolment/resources/resources/history-of-the-maori-electoral-option
Your roll choice affects which candidates you can choose from in parliamentary elections and local elections. It also helps determine the number of Māori and general electorates.
The roll you choose decides which electorate you vote in and who you can vote for to represent you in Parliament.
If you choose the Māori roll, you will vote for a candidate in the Māori electorate you live in.
If you choose the general roll, you will vote for a candidate in the general electorate you live in.
You will vote for the same list of political parties in a general election, whichever roll you choose to be on.
The number of Māori on the general and Māori rolls, together with the results of the census, are used to work out the number of general and Māori electorates. The number of Māori enrolled on the Māori roll could mean the number of Māori electorates increases, decreases, or stays the same for future elections. There are currently seven Māori electorates and 65 general electorates. 
https://vote.nz/maori-enrolment/about-the-option/about/what-does-your-choice-mean-for-you",,,,